{"eval_vs_random_policy": 1.5625, "steps": 802816, "_timestamp": 1684728166.724808, "_runtime": 1061.6882140636444, "_step": 49, "_wandb": {"runtime": 1080}}