{"eval_vs_prev_policy": 0.28125, "steps": 0, "_timestamp": 1684815706.522682, "_runtime": 25.683629035949707, "_step": 0, "_wandb": {"runtime": 24}}