{"eval_vs_random": 2.1875, "steps": 1622016, "_timestamp": 1684814169.1542754, "_runtime": 3730.1657333374023, "_step": 99, "_wandb": {"runtime": 3764}}