{"eval_vs_random_policy": 1.84375, "steps": 4980736, "_timestamp": 1684553808.100561, "_runtime": 6423.842283964157, "_step": 304, "_wandb": {"runtime": 6431}}