{"eval_vs_random_policy": 0.0625, "steps": 32768, "_timestamp": 1684726880.3982573, "_runtime": 89.34967231750488, "_step": 2, "_wandb": {"runtime": 108}}