{"eval_vs_random_policy": -0.140625, "steps": 0, "_timestamp": 1684809025.1105797, "_runtime": 24.732658624649048, "_step": 0, "_wandb": {"runtime": 23}}