{"eval_vs_random": 1.578125, "steps": 229376, "_timestamp": 1684809840.1592588, "_runtime": 378.6687808036804, "_step": 14, "_wandb": {"runtime": 399}}