{"eval_vs_random_policy": -0.140625, "steps": 0, "_timestamp": 1684809125.5753427, "_runtime": 24.631564617156982, "_step": 0, "_wandb": {"runtime": 24}}