{"eval_vs_random": -0.140625, "steps": 0, "_timestamp": 1684814541.5473711, "_runtime": 24.96201515197754, "_step": 0, "_wandb": {"runtime": 47}}