{"eval_vs_prev_policy": 0.0625, "steps": 4980736, "_timestamp": 1684824384.8036995, "_runtime": 6993.422150611877, "_step": 304, "_wandb": {"runtime": 7001}}