{"eval_vs_prev_policy": 0.109375, "steps": 737280, "_timestamp": 1684815642.2970521, "_runtime": 1062.9919981956482, "_step": 45, "_wandb": {"runtime": 1070}}