{"eval_vs_random": -0.140625, "steps": 0, "_timestamp": 1684814349.3736742, "_runtime": 24.97169017791748, "_step": 0, "_wandb": {"runtime": 61}}