{"eval_vs_random_policy": -0.265625, "steps": 196608, "_timestamp": 1684807405.168593, "_runtime": 291.18091893196106, "_step": 12, "_wandb": {"runtime": 310}}