{"eval_vs_random": 1.046875, "steps": 147456, "_timestamp": 1684810292.9858775, "_runtime": 385.30149149894714, "_step": 9, "_wandb": {"runtime": 409}}