{"eval_vs_random": -0.140625, "steps": 0, "_timestamp": 1684814424.2663362, "_runtime": 24.700345277786255, "_step": 0}