{"eval_vs_random": -0.03125, "steps": 16384, "_timestamp": 1684809433.5017252, "_runtime": 70.21895217895508, "_step": 1, "_wandb": {"runtime": 78}}