{"eval_vs_random_policy": 0.1875, "steps": 81920, "_timestamp": 1684809310.919285, "_runtime": 163.98616695404053, "_step": 5, "_wandb": {"runtime": 172}}